CustomerID,CustomerName,Age,Gender,City,ProductCategory,Price,Quantity,OrderDate,PaymentMode,Rating,SignupChannel
CUST1081,Ananya Gupta,48.0,M,Lucknow,Sports,16298.44,,18-06-2025,UPI ,5.0,
CUST1560,Priya Gupta,30.0,Male,Mumbai,Sports,22463.95,1.0,2025-02-09,UPI,5.0,Website
CUST1474,Ishaan Verma,44.0,M,Mumbai ,Toys,7326.2,1.0,2025-03-02,Cash on Delivery,1.0,App
CUST1106,Ritika Malhotra,64.0,M,Lucknow,Books,8888.41,2.0,2025-09-17,UPI,,App
CUST1212,Meera Joshi,53.0,F,Delhi,Sports,2279.5,2.0,2025-06-01,Debit Card,2.0,Referral
CUST1479,Arjun Joshi,42.0,,Kolkata,Clothing,7426.89,1.0,04-03-2025,Net Banking,5.0,App
CUST1483,Vivaan Mehta,40.0,,bangalore,Home & Kitchen,430.74,1.0,20/12/2025,Net Banking,2.0,Referral
CUST1145,Aditya Singh,59.0,M,Kolkata,Electronics,15186.61,3.0,19/08/2025,credit card,,Website
CUST1351,Anjali Patel,64.0,M,Ahmedabad,Grocery,24588.82,1.0,2025-04-06,Debit Card,4.0,Website
CUST1431,Nikhil Chopra,40.0,M,Bengaluru,Toys,17709.66,2.0,31-05-2025,COD,4.0,App
CUST1113,Riya Malhotra,29.0,F,Jaipur,Home & Kitchen,12581.52,,09/12/2025,Debit Card,4.0,
CUST1430,Ananya Kulkarni,24.0,F,Hyderabad,Beauty,24544.64,,27/11/2025,COD,4.0,Website
CUST1577,Rahul Singh,19.0,,Chennai,Toys,24859.17,1.0,03-11-2025,credit card,,App
CUST1146,Sanjay Reddy,51.0,F,Pune,Books,6352.85,1.0,14-01-2025,UPI,,App
CUST1131,Nikhil Desai,25.0,Male,delhi,Grocery,6928.86,2.0,17/03/2025,Debit Card,4.0,Website
CUST1102,Ananya Rao,,male,Mumbai ,Beauty,9615.47,2.0,29/09/2025,COD,6.0,App
CUST1390,Karan Mehta,,female,bangalore,Electronics,4144.34,3.0,2025-01-03,UPI,,App
CUST1372,Aman Desai,50.0,F,Pune,Electronics,16617.56,,11-11-2025,UPI,6.0,App
CUST1585,Nikhil Iyer,22.0,,Ahmedabad,Sports,1206.55,1.0,17-01-2025,Credit Card,,Website
CUST1082,Nikhil Pillai,52.0,male,Mumbai,Home & Kitchen,15834.35,1.0,27-04-2025,Debit Card,4.0,Website
CUST1011,Pooja Sharma,61.0,female,Jaipur,Books,19249.68,1.0,27/02/2025,UPI ,3.0,Website
CUST1170,Aman Kulkarni,39.0,M,bangalore,Books,15310.4,1.0,07/05/2025,Net Banking,4.0,Referral
CUST1049,Sanjay Sharma,23.0,Female,,Toys,4665.97,1.0,14/07/2025,Cash on Delivery,,Referral
CUST1407,Ishaan Malhotra,49.0,,bangalore,Beauty,19665.52,1.0,09-05-2025,Credit Card,4.0,Website
CUST1461,Sanjay Reddy,45.0,male,Pune,Toys,13624.51,1.0,2025-12-01,Cash on Delivery,3.0,Referral
CUST1343,Dev Bose,48.0,,Delhi,Grocery,18302.79,1.0,23/02/2025,credit card,6.0,Website
CUST1348,Yash Nair,36.0,Female,,Electronics,17311.28,1.0,15-04-2025,Credit Card,5.0,Website
CUST1557,Priya Nair,59.0,female,Mumbai,Home & Kitchen,3589.38,1.0,03-05-2025,Debit Card,,
CUST1537,DIYA PILLAI,,Female,Mumbai,Home & Kitchen,10741.35,,14/12/2025,credit card,2.0,
CUST1499,Anjali Bose,26.0,Male,Kolkata,Clothing,8247.86,3.0,06/02/2025,COD,4.0,App
CUST1046,Arjun Kulkarni,47.0,Male,Hyderabad,Sports,9828.5,,27-10-2025,Credit Card,4.0,Website
CUST1448,VIKRAM VERMA,38.0,male,Delhi,Beauty,12634.68,1.0,2025-03-20,UPI ,,App
CUST1556,Aryan Mehta,65.0,male,bangalore,Beauty,22216.25,1.0,16/07/2025,COD,1.0,Referral
CUST1098,Ritika Reddy,26.0,M,delhi,Grocery,2881.67,,2025-01-14,Credit Card,5.0,App
CUST1181,Rahul Joshi,62.0,Male,bangalore,Clothing,11715.07,1.0,27-07-2025,Net Banking,2.0,
CUST1234,Dev Chopra,53.0,female,Ahmedabad,Sports,17164.71,2.0,30/12/2025,COD,3.0,Website
CUST1339,Yash Menon,56.0,female,bangalore,Beauty,17940.45,1.0,19-02-2025,Cash on Delivery,1.0,Referral
CUST1216,Sneha Rao,49.0,Male,Delhi,Sports,7007.65,1.0,2025-09-05,credit card,5.0,App
CUST1437,Meera Menon,63.0,Male,Hyderabad,Toys,23220.83,,10/02/2025,Credit Card,5.0,App
CUST1465,Aarav Joshi,23.0,Female,Jaipur,Toys,17843.68,1.0,05/04/2025,COD,,App
CUST1038,Nikhil Kapoor,53.0,Female,Kolkata,Sports,16981.35,1.0,12-11-2025,Net Banking,4.0,App
CUST1059,Sneha Singh,43.0,M,bangalore,Beauty,11910.52,2.0,26/06/2025,credit card,5.0,
CUST1128,Ishaan Menon,28.0,Male,Kolkata,Beauty,16957.62,1.0,16-08-2025,Net Banking,,App
CUST1515,Anjali Sharma,36.0,Male,Delhi,Clothing,21308.41,1.0,2025-05-10,Net Banking,5.0,Referral
CUST1210,Aryan Kulkarni,39.0,,Mumbai ,Grocery,19793.88,3.0,10-02-2025,credit card,1.0,Website
CUST1125,Nikhil Chopra,,female,Mumbai,Books,14039.21,3.0,2025-06-18,Debit Card,4.0,App
CUST1032,Tanya Nair,44.0,Female,Mumbai ,Beauty,19592.3,2.0,09-12-2025,Cash on Delivery,5.0,App
CUST1284,Ishaan Sharma,,F,,Electronics,4674.73,1.0,2025-11-10,Debit Card,,App
CUST1143,Aman Menon,63.0,Female,Mumbai ,Toys,8885.94,1.0,30-06-2025,UPI ,5.0,
CUST1433,Aman Kapoor,34.0,M,Ahmedabad,Electronics,19431.56,2.0,14-07-2025,UPI,1.0,App
CUST1374,Aditya Rao,41.0,Male,bangalore,Home & Kitchen,13019.45,,04/07/2025,COD,,Website
CUST1358,Diya Nair,52.0,Male,bangalore,Clothing,5387.92,3.0,20-04-2025,UPI ,2.0,App
CUST1132,Aryan Joshi,19.0,Male,Kolkata,Beauty,6009.09,1.0,2025-07-11,Credit Card,5.0,Website
CUST1398,Priya Desai,52.0,female,,Books,6319.2,1.0,24-07-2025,credit card,2.0,App
CUST1588,Aditya Iyer,55.0,male,Hyderabad,Home & Kitchen,24111.96,1.0,2025-10-03,Debit Card,4.0,App
CUST1318,Ananya Menon,45.0,F,Kolkata,Toys,9675.41,1.0,2025-10-01,credit card,1.0,Referral
CUST1360,Ishaan Rao,53.0,male,,Home & Kitchen,22788.02,2.0,18/07/2025,UPI ,4.0,Referral
CUST1429,Yash Gupta,33.0,F,Mumbai,Beauty,23281.59,,2025-11-17,Credit Card,5.0,
CUST1487,Kavya Mehta,40.0,Female,Chennai,Electronics,8577.94,2.0,17-11-2025,UPI,4.0,App
CUST1416,Sara Rao,53.0,Female,Mumbai ,Grocery,14832.15,2.0,20-11-2025,UPI ,6.0,
CUST1156,Rahul Sharma,49.0,M,bangalore,Books,12151.18,,17/12/2025,Net Banking,,Website
CUST1273,Aman Reddy,23.0,Male,Bengaluru,Toys,1408.35,2.0,10-08-2025,UPI ,,Website
CUST1458,Vikram Bhat,53.0,Male,Hyderabad,Books,8439.21,2.0,2025-03-22,credit card,5.0,Referral
CUST1377,Tanya Pillai,56.0,male,Delhi,Toys,4265.3,1.0,21-09-2025,Net Banking,4.0,App
CUST1366,Rahul Kulkarni,22.0,female,Mumbai,Books,2590.33,3.0,25/10/2025,credit card,5.0,App
CUST1054,Pooja Malhotra,60.0,Male,Jaipur,Beauty,464.41,2.0,2025-09-08,UPI ,5.0,
CUST1538,Sanjay Kulkarni,26.0,,delhi,Home & Kitchen,19141.06,2.0,30/03/2025,Debit Card,2.0,Referral
CUST1452,Neha Malhotra,41.0,Female,Pune,Beauty,14907.85,1.0,2025-06-06,credit card,,App
CUST1493,Pooja Mehta,46.0,M,Delhi,Grocery,6949.88,1.0,15-11-2025,Debit Card,4.0,App
CUST1178,Aman Rao,30.0,M,Delhi,Toys,16259.89,3.0,2025-04-06,credit card,5.0,App
CUST1285,Arjun Gupta,33.0,M,Delhi,Clothing,20568.3,3.0,24-11-2025,credit card,,Website
CUST1135,NEHA MENON,47.0,Male,,Toys,14978.97,1.0,20-11-2025,Cash on Delivery,3.0,Referral
CUST1451,Sanjay Patel,,female,Jaipur,Home & Kitchen,6171.53,1.0,09/08/2025,Debit Card,2.0,
CUST1311,Aarav Pillai,36.0,F,Kolkata,Sports,18457.79,2.0,29-12-2025,Cash on Delivery,5.0,
CUST1104,Simran Iyer,38.0,M,bangalore,Books,9451.38,1.0,18/12/2025,Debit Card,2.0,Website
CUST1361,Aarav Chopra,61.0,male,Bengaluru,Clothing,18935.62,2.0,24-01-2025,Debit Card,5.0,App
CUST1109,Simran Sharma,23.0,Female,Kolkata,Sports,11423.1,1.0,09/07/2025,credit card,2.0,Website
CUST1195,Sara Verma,53.0,F,Jaipur,Grocery,9802.21,1.0,15/04/2025,Debit Card,,Referral
CUST1492,Diya Desai,60.0,Male,Lucknow,Books,16025.44,1.0,2025-06-14,Cash on Delivery,5.0,Referral
CUST1271,Karan Bhat,53.0,Female,Mumbai,Toys,2682.4,,2025-03-13,Credit Card,1.0,App
CUST1133,Dev Mehta,27.0,Male,Chennai,Toys,17447.39,1.0,28/12/2025,COD,1.0,Website
CUST1047,Aarav Joshi,37.0,,,Sports,13524.78,3.0,07-10-2025,Cash on Delivery,,App
CUST1391,Neha Gupta,22.0,Female,Pune,Clothing,15284.37,3.0,16/07/2025,Net Banking,1.0,App
CUST1411,Ananya Nair,58.0,F,bangalore,Sports,21245.18,1.0,2025-02-10,credit card,4.0,Referral
CUST1108,Ishaan Rao,62.0,M,Pune,Electronics,4657.93,1.0,17-10-2025,UPI ,2.0,App
CUST1015,Neha Patel,52.0,female,Chennai,Sports,24879.46,3.0,11/07/2025,COD,2.0,App
CUST1215,Aarav Kapoor,44.0,,Mumbai,Home & Kitchen,14363.22,1.0,17/12/2025,UPI,3.0,Referral
CUST1561,NIKHIL REDDY,49.0,,Hyderabad,Electronics,7435.26,3.0,2025-10-05,COD,5.0,Website
CUST1062,Sneha Sharma,63.0,Female,Chennai,Electronics,24361.23,2.0,30-05-2025,UPI,,Website
CUST1357,SNEHA SHARMA,51.0,male,delhi,Toys,12247.1,1.0,2025-11-30,credit card,6.0,Website
CUST1537,Diya Pillai,,Female,Mumbai,Home & Kitchen,10741.35,,14/12/2025,credit card,2.0,
CUST1476,Kavya Pillai,47.0,F,Mumbai,Electronics,6231.12,2.0,23-05-2025,Cash on Delivery,1.0,App
CUST1160,Aman Pillai,37.0,Male,Mumbai,Sports,12710.29,1.0,21-04-2025,credit card,1.0,Website
CUST1138,Priya Singh,64.0,,Lucknow,Beauty,3465.23,1.0,07/10/2025,UPI,,
CUST1455,Kabir Kulkarni,51.0,male,Ahmedabad,Grocery,17422.52,3.0,10/01/2025,Credit Card,5.0,App
CUST1074,Rohan Kulkarni,26.0,F,Mumbai ,Toys,3167.44,3.0,2025-11-08,UPI,5.0,App
CUST1510,Anjali Sharma,54.0,,Mumbai ,Home & Kitchen,17846.43,1.0,30-07-2025,credit card,1.0,Website
CUST1176,Sanjay Singh,52.0,Female,Kolkata,Grocery,23357.98,1.0,23/07/2025,UPI,5.0,Website
CUST1304,Vivaan Joshi,63.0,M,Pune,Toys,12702.39,3.0,05-03-2025,Credit Card,4.0,Referral
CUST1068,Pooja Singh,59.0,M,,Grocery,1924.53,1.0,07-06-2025,Net Banking,,Website
CUST1189,Simran Singh,18.0,M,Ahmedabad,Sports,13368.55,,2025-04-28,COD,5.0,App
CUST1112,Karan Menon,21.0,Female,Chennai,Home & Kitchen,19218.64,,11/05/2025,credit card,2.0,Website
CUST1124,Kavya Chopra,36.0,female,,Grocery,8434.05,2.0,2025-12-06,credit card,5.0,
CUST1269,Pooja Joshi,31.0,M,Ahmedabad,Books,21334.18,1.0,22-03-2025,Net Banking,1.0,App
CUST1478,Diya Malhotra,29.0,female,Chennai,Grocery,24162.39,3.0,24/10/2025,Credit Card,2.0,Referral
CUST1236,Diya Bose,25.0,,Jaipur,Beauty,13619.78,,22-01-2025,COD,6.0,App
CUST1324,Rohan Pillai,62.0,Female,Mumbai ,Electronics,7632.74,3.0,21-02-2025,Net Banking,3.0,Website
CUST1272,Ananya Patel,43.0,female,bangalore,Clothing,14620.75,1.0,2025-02-08,Debit Card,4.0,
CUST1474,Ishaan Verma,44.0,M,Mumbai ,Toys,7326.2,1.0,2025-03-02,Cash on Delivery,1.0,App
CUST1103,Neha Iyer,62.0,,bangalore,Home & Kitchen,10837.24,1.0,31/07/2025,COD,4.0,Website
CUST1233,Riya Kapoor,26.0,M,,Toys,15542.34,,2025-07-03,COD,3.0,App
CUST1371,Kabir Verma,53.0,male,Jaipur,Toys,16399.62,1.0,07/07/2025,Cash on Delivery,5.0,App
CUST1513,Yash Sharma,48.0,male,Ahmedabad,Beauty,10612.25,,31/05/2025,UPI,1.0,
CUST1335,Aryan Menon,21.0,female,Delhi,Toys,21319.0,,2025-03-26,COD,5.0,App
CUST1439,DIYA IYER,64.0,male,Kolkata,Home & Kitchen,4949.02,3.0,08-05-2025,UPI,6.0,
CUST1092,Kavya Rao,55.0,,bangalore,Beauty,2842.4,1.0,2025-08-30,credit card,4.0,
CUST1117,Diya Desai,50.0,,Pune,Beauty,18225.37,,2025-11-27,Cash on Delivery,2.0,App
CUST1316,Ritika Reddy,26.0,M,Kolkata,Toys,3709.12,,2025-04-03,COD,5.0,
CUST1107,Ritika Iyer,40.0,M,Mumbai,Books,14416.39,,08-08-2025,Credit Card,5.0,Website
CUST1207,Karan Kulkarni,48.0,female,Bengaluru,Grocery,2204.75,,11-08-2025,credit card,2.0,App
CUST1028,Pooja Reddy,35.0,male,Hyderabad,Beauty,5209.39,3.0,16-05-2025,COD,5.0,Website
CUST1347,Simran Kulkarni,36.0,,Bengaluru,Clothing,778.01,1.0,28-01-2025,Credit Card,4.0,Referral
CUST1137,Pooja Desai,50.0,Male,Kolkata,Toys,1231.83,2.0,11/07/2025,Credit Card,5.0,Website
CUST1044,Yash Singh,58.0,,delhi,Toys,15724.7,1.0,2025-08-14,Net Banking,4.0,Referral
CUST1193,Rohan Verma,,female,Delhi,Sports,13962.89,1.0,26-06-2025,UPI ,6.0,Referral
CUST1393,Vivaan Joshi,33.0,Female,Mumbai,Books,19524.87,1.0,09/12/2025,UPI ,4.0,App
CUST1325,Dev Iyer,,Male,Chennai,Clothing,19651.29,2.0,12-04-2025,Cash on Delivery,5.0,App
CUST1230,Rahul Mehta,56.0,male,Kolkata,Clothing,8795.93,,23-08-2025,UPI,5.0,App
CUST1551,Meera Bose,,Male,Kolkata,Electronics,1145.46,2.0,2025-09-16,UPI ,6.0,Website
CUST1292,Aarav Patel,28.0,Male,Ahmedabad,Clothing,7812.58,2.0,30/08/2025,Net Banking,2.0,
CUST1383,Kavya Malhotra,,Male,Delhi,Toys,22554.96,2.0,20-01-2025,Debit Card,2.0,Website
CUST1225,Riya Iyer,36.0,Male,Mumbai,Grocery,8805.97,1.0,2025-08-22,COD,5.0,Website
CUST1473,Nikhil Chopra,64.0,male,Delhi,Sports,13826.1,1.0,29/03/2025,UPI,3.0,App
CUST1122,Tanya Mehta,63.0,male,bangalore,Grocery,1122.68,3.0,13/08/2025,UPI,5.0,Referral
CUST1205,Sara Iyer,51.0,Female,Hyderabad,Books,20408.08,1.0,2025-07-23,credit card,4.0,Website
CUST1029,Aditya Malhotra,35.0,Male,Pune,Grocery,15982.27,1.0,24-03-2025,COD,6.0,
CUST1130,Vikram Malhotra,28.0,,Lucknow,Grocery,21844.1,1.0,25/11/2025,credit card,6.0,Website
CUST1252,Anjali Desai,30.0,M,bangalore,Electronics,19627.47,,03/05/2025,UPI ,2.0,App
CUST1519,Riya Kapoor,48.0,Female,Kolkata,Sports,11943.55,1.0,29/09/2025,Credit Card,5.0,Website
CUST1265,Aarav Chopra,65.0,Male,Hyderabad,Home & Kitchen,10582.42,1.0,14-03-2025,Net Banking,2.0,Website
CUST1041,Riya Menon,22.0,F,bangalore,Home & Kitchen,18000.9,2.0,11/09/2025,Cash on Delivery,3.0,
CUST1480,Neha Desai,31.0,male,Bengaluru,Clothing,14348.47,3.0,2025-09-28,COD,5.0,Website
CUST1319,Yash Desai,30.0,female,Bengaluru,Home & Kitchen,5772.7,1.0,2025-06-09,Debit Card,4.0,App
CUST1017,Aryan Verma,39.0,male,Hyderabad,Books,16774.1,1.0,2025-10-04,COD,4.0,Website
CUST1009,Meera Kulkarni,52.0,female,Lucknow,Sports,22460.9,2.0,2025-07-05,UPI,6.0,Website
CUST1331,Aryan Nair,25.0,female,Mumbai ,Electronics,24541.99,,2025-03-23,UPI ,,App
CUST1294,Sanjay Verma,27.0,Male,bangalore,Beauty,20233.28,2.0,2025-10-29,Credit Card,4.0,App
CUST1322,Ananya Patel,64.0,male,Jaipur,Grocery,3210.58,3.0,2025-11-30,UPI ,5.0,App
CUST1340,Priya Kapoor,53.0,M,Mumbai ,Clothing,1287.59,1.0,2025-09-10,UPI ,2.0,Referral
CUST1171,Yash Kapoor,63.0,female,Mumbai ,Toys,8028.46,1.0,14-10-2025,Net Banking,5.0,Website
CUST1341,Anjali Patel,30.0,,Kolkata,Home & Kitchen,11507.59,,08-04-2025,credit card,2.0,Website
CUST1334,Vikram Menon,24.0,female,Mumbai ,Home & Kitchen,12125.95,3.0,13-12-2025,UPI ,3.0,App
CUST1489,Vikram Kapoor,29.0,M,delhi,Electronics,19478.09,1.0,16-08-2025,Credit Card,,App
CUST1517,Tanya Desai,20.0,Male,Delhi,Grocery,20964.71,,31/07/2025,Cash on Delivery,,
CUST1186,Kavya Kapoor,64.0,F,Chennai,Electronics,18683.24,2.0,2025-02-07,UPI ,5.0,
CUST1080,Vikram Bose,39.0,,,Toys,2627.84,2.0,08-01-2025,UPI,4.0,
CUST1244,Aryan Verma,20.0,female,delhi,Toys,554.59,,22/03/2025,COD,1.0,Website
CUST1087,Sanjay Joshi,54.0,female,Chennai,Electronics,24451.92,3.0,22/07/2025,Credit Card,1.0,App
CUST1452,Neha Malhotra,41.0,Female,Pune,Beauty,14907.85,1.0,2025-06-06,credit card,,App
CUST1050,Arjun Chopra,35.0,M,,Clothing,11837.12,3.0,2025-10-04,credit card,4.0,
CUST1420,Ishaan Chopra,42.0,M,Mumbai,Sports,15689.28,2.0,10-11-2025,Net Banking,5.0,
CUST1135,Neha Menon,47.0,Male,,Toys,14978.97,1.0,20-11-2025,Cash on Delivery,3.0,Referral
CUST1158,Ananya Joshi,50.0,Male,Pune,Home & Kitchen,11741.84,1.0,2025-08-19,UPI,2.0,Website
CUST1355,Kavya Mehta,39.0,M,Hyderabad,Toys,24916.28,,2025-11-29,Debit Card,5.0,Website
CUST1058,Aditya Singh,64.0,F,Jaipur,Home & Kitchen,17311.64,3.0,31/12/2025,COD,1.0,Website
CUST1238,Tanya Bose,62.0,,Mumbai ,Sports,4274.64,1.0,2025-04-16,Credit Card,5.0,App
CUST1502,Pooja Iyer,46.0,M,Kolkata,Clothing,15016.74,3.0,02/11/2025,credit card,,
CUST1356,Meera Menon,57.0,Male,bangalore,Beauty,9627.11,,28/02/2025,Net Banking,6.0,
CUST1527,Anjali Chopra,29.0,Male,Delhi,Sports,5576.9,3.0,24/02/2025,Net Banking,2.0,Website
CUST1056,Ritika Singh,23.0,F,Hyderabad,Toys,14310.76,3.0,14/07/2025,Credit Card,,Referral
CUST1553,Rahul Gupta,19.0,female,Chennai,Grocery,17627.12,,20-10-2025,Credit Card,,Website
CUST1467,Ishaan Bhat,57.0,female,Pune,Toys,22206.53,2.0,2025-07-27,UPI ,5.0,Website
CUST1202,Vivaan Desai,20.0,,bangalore,Electronics,19143.82,2.0,12-03-2025,Cash on Delivery,2.0,
CUST1245,Kabir Reddy,59.0,Female,,Books,2469.5,1.0,2025-05-09,credit card,3.0,Website
CUST1240,Sara Verma,35.0,female,,Grocery,6354.48,3.0,2025-06-14,UPI ,,App
CUST1001,Rahul Iyer,19.0,Female,Hyderabad,Grocery,18451.31,3.0,2025-10-07,UPI ,1.0,Website
CUST1524,Ritika Menon,26.0,female,delhi,Grocery,22415.64,3.0,05/04/2025,Net Banking,,
CUST1127,Sneha Iyer,50.0,,Mumbai ,Electronics,16598.94,,2025-11-13,UPI ,3.0,App
CUST1026,Pooja Patel,50.0,Female,Pune,Clothing,21999.87,1.0,2025-05-26,COD,6.0,
CUST1350,Neha Mehta,53.0,Male,Mumbai ,Books,5196.72,,2025-08-15,credit card,6.0,
CUST1175,Sara Nair,44.0,F,bangalore,Home & Kitchen,18934.39,1.0,14/06/2025,Credit Card,2.0,
CUST1387,Tanya Mehta,44.0,Male,Delhi,Sports,16341.66,1.0,14-05-2025,UPI ,5.0,App
CUST1060,Aman Rao,37.0,Female,Mumbai,Home & Kitchen,7991.37,3.0,02-10-2025,UPI,4.0,App
CUST1534,Dev Bhat,19.0,M,Bengaluru,Beauty,19726.3,1.0,2025-07-27,Cash on Delivery,6.0,Website
CUST1154,Pooja Rao,26.0,male,Jaipur,Clothing,12638.94,1.0,31-10-2025,UPI,3.0,
CUST1289,Arjun Menon,57.0,female,Bengaluru,Sports,23569.69,1.0,07/11/2025,UPI,1.0,Website
CUST1394,Aarav Gupta,23.0,M,Mumbai ,Beauty,8784.76,,2025-05-22,Cash on Delivery,,Website
CUST1162,Vivaan Chopra,,male,Hyderabad,Beauty,13897.59,1.0,17-07-2025,COD,6.0,Referral
CUST1491,Vivaan Bhat,42.0,Male,Bengaluru,Books,23318.58,3.0,2025-11-01,credit card,,Website
CUST1566,Nikhil Verma,60.0,M,Delhi,Beauty,11293.46,1.0,01/10/2025,Debit Card,1.0,Website
CUST1533,Aman Patel,26.0,Female,Bengaluru,Home & Kitchen,12307.43,1.0,04-10-2025,Net Banking,,App
CUST1352,Neha Rao,53.0,Female,Delhi,Books,290.28,2.0,2025-12-30,Credit Card,3.0,Referral
CUST1231,Sanjay Gupta,61.0,M,Mumbai,Home & Kitchen,7738.69,1.0,11-07-2025,UPI,6.0,Website
CUST1115,Karan Sharma,38.0,,Lucknow,Toys,20825.84,1.0,15/02/2025,Debit Card,4.0,Website
CUST1297,Sara Gupta,23.0,male,Kolkata,Beauty,21437.11,2.0,2025-08-23,UPI ,2.0,Website
CUST1579,Vivaan Reddy,38.0,female,Delhi,Beauty,4208.22,1.0,04/07/2025,credit card,1.0,Referral
CUST1507,Kabir Nair,48.0,Female,Jaipur,Sports,21106.69,1.0,2025-08-02,Net Banking,3.0,App
CUST1587,Kavya Joshi,19.0,Female,,Books,23727.47,1.0,2025-06-30,Cash on Delivery,6.0,App
CUST1330,Aditya Joshi,39.0,Male,Kolkata,Sports,24063.4,1.0,17-07-2025,COD,4.0,
CUST1357,Sneha Sharma,51.0,male,delhi,Toys,12247.1,1.0,2025-11-30,credit card,6.0,Website
CUST1248,Meera Chopra,23.0,Male,Pune,Beauty,22042.58,1.0,2025-07-15,UPI,2.0,App
CUST1466,ISHAAN PATEL,32.0,F,delhi,Electronics,23147.06,2.0,24-04-2025,Cash on Delivery,4.0,Website
CUST1055,Aryan Bhat,63.0,F,Delhi,Books,15455.42,2.0,05/09/2025,UPI ,5.0,Referral
CUST1468,Anjali Bose,56.0,male,bangalore,Electronics,13088.13,2.0,2025-08-22,Cash on Delivery,6.0,App
CUST1460,Arjun Chopra,60.0,Male,Mumbai ,Sports,13089.84,3.0,10-11-2025,Cash on Delivery,4.0,App
CUST1386,Aryan Kulkarni,44.0,Female,Bengaluru,Electronics,14512.98,1.0,2025-09-24,UPI ,4.0,
CUST1307,Ritika Sharma,48.0,female,Delhi,Electronics,5710.69,2.0,06-06-2025,Net Banking,4.0,Website
CUST1211,Neha Singh,22.0,male,delhi,Sports,24227.68,1.0,16-01-2025,Net Banking,,Website
CUST1025,Kavya Mehta,33.0,F,Delhi,Books,11512.03,,2025-02-07,COD,2.0,Website
CUST1385,Tanya Chopra,,,Mumbai ,Clothing,10723.41,1.0,2025-09-02,Debit Card,5.0,App
CUST1526,Yash Verma,42.0,M,Bengaluru,Books,23896.8,1.0,02/04/2025,Debit Card,,App
CUST1494,Priya Kulkarni,38.0,Female,Mumbai ,Books,14415.96,1.0,06/02/2025,credit card,6.0,Website
CUST1019,Karan Mehta,24.0,Female,Hyderabad,Toys,3633.53,1.0,23/05/2025,Cash on Delivery,2.0,Website
CUST1388,Rohan Chopra,31.0,male,delhi,Toys,4591.18,2.0,12/10/2025,Net Banking,5.0,App
CUST1337,Ritika Pillai,46.0,Male,Ahmedabad,Electronics,2700.69,2.0,19-01-2025,Credit Card,2.0,App
CUST1088,Simran Pillai,36.0,male,delhi,Beauty,5592.26,1.0,14/11/2025,UPI,2.0,
CUST1594,Dev Malhotra,64.0,M,delhi,Books,18944.13,,26/11/2025,credit card,,
CUST1255,Neha Chopra,23.0,male,Lucknow,Grocery,7045.07,1.0,10-02-2025,Cash on Delivery,3.0,App
CUST1598,Aryan Iyer,42.0,M,,Sports,11147.52,1.0,2025-01-17,Net Banking,3.0,Website
CUST1346,Rahul Nair,50.0,female,bangalore,Beauty,17802.27,,30-06-2025,COD,4.0,
CUST1417,Rahul Kulkarni,37.0,F,Jaipur,Home & Kitchen,20146.99,2.0,07/06/2025,UPI ,5.0,App
CUST1169,Yash Menon,48.0,female,Delhi,Home & Kitchen,14088.04,3.0,02-09-2025,UPI ,5.0,App
CUST1219,Arjun Kapoor,65.0,male,delhi,Home & Kitchen,8248.27,1.0,21/07/2025,Debit Card,4.0,App
CUST1052,Nikhil Rao,41.0,male,Lucknow,Clothing,19478.13,1.0,2025-06-09,Credit Card,5.0,App
CUST1450,Rohan Gupta,43.0,F,delhi,Grocery,19086.52,2.0,2025-10-14,COD,4.0,
CUST1497,Aman Iyer,47.0,female,bangalore,Toys,11843.06,1.0,15-03-2025,Net Banking,5.0,Website
CUST1233,Riya Kapoor,26.0,M,,Toys,15542.34,,2025-07-03,COD,3.0,App
CUST1187,Aditya Kulkarni,21.0,F,Bengaluru,Books,10310.34,,11-03-2025,UPI ,5.0,Website
CUST1565,Dev Reddy,28.0,Male,Bengaluru,Beauty,14426.95,2.0,14/05/2025,UPI,4.0,App
CUST1194,Nikhil Malhotra,44.0,M,Kolkata,Grocery,18897.24,2.0,2025-05-04,Net Banking,3.0,Website
CUST1550,Ritika Patel,55.0,,Ahmedabad,Books,510.42,2.0,2025-05-07,credit card,4.0,App
CUST1031,Vivaan Kapoor,41.0,M,Hyderabad,Home & Kitchen,16723.3,1.0,14/10/2025,UPI,4.0,App
CUST1067,Vivaan Singh,36.0,female,,Toys,1918.82,1.0,16-05-2025,Cash on Delivery,4.0,Website
CUST1198,Pooja Mehta,36.0,F,Jaipur,Beauty,7814.29,1.0,20/09/2025,COD,2.0,
CUST1320,Sanjay Kapoor,28.0,,Bengaluru,Books,23719.31,2.0,24-09-2025,credit card,4.0,
CUST1072,Nikhil Pillai,36.0,,delhi,Electronics,11452.42,1.0,10/05/2025,Debit Card,4.0,App
CUST1379,Riya Pillai,,Female,bangalore,Sports,707.78,1.0,07-03-2025,UPI,3.0,
CUST1456,Vivaan Kapoor,,M,Bengaluru,Toys,16420.73,1.0,04/02/2025,Net Banking,5.0,Website
CUST1573,Aryan Malhotra,64.0,Female,,Clothing,3719.44,1.0,01-09-2025,credit card,2.0,App
CUST1323,Anjali Verma,56.0,female,Mumbai,Electronics,1348.64,1.0,02/08/2025,UPI ,2.0,App
CUST1581,Tanya Kapoor,35.0,Male,Jaipur,Beauty,20609.37,1.0,12-03-2025,Net Banking,5.0,Website
CUST1486,Aman Malhotra,65.0,,Jaipur,Books,14188.82,3.0,11-06-2025,Credit Card,4.0,App
CUST1528,Aditya Gupta,54.0,,Ahmedabad,Electronics,22428.33,1.0,01-12-2025,Credit Card,1.0,
CUST1016,Meera Gupta,39.0,male,Jaipur,Home & Kitchen,14772.74,1.0,06-02-2025,Credit Card,4.0,Website
CUST1267,Sanjay Bose,21.0,female,Delhi,Home & Kitchen,7398.15,,11/06/2025,credit card,5.0,Website
CUST1510,Anjali Sharma,54.0,,Mumbai ,Home & Kitchen,17846.43,1.0,30-07-2025,credit card,1.0,Website
CUST1586,Sara Rao,20.0,M,bangalore,Electronics,18900.57,,05-03-2025,Cash on Delivery,4.0,App
CUST1447,Priya Malhotra,44.0,,delhi,Home & Kitchen,18729.81,,2025-11-05,UPI ,1.0,Referral
CUST1359,Pooja Malhotra,59.0,female,bangalore,Grocery,740.26,3.0,2025-06-19,Debit Card,2.0,Website
CUST1540,Aarav Pillai,23.0,Male,Delhi,Clothing,17712.52,2.0,26/05/2025,COD,3.0,App
CUST1269,Pooja Joshi,31.0,M,Ahmedabad,Books,21334.18,1.0,22-03-2025,Net Banking,1.0,App
CUST1201,Simran Pillai,47.0,female,delhi,Beauty,4356.25,3.0,07/10/2025,UPI,6.0,
CUST1136,Neha Sharma,57.0,Female,Lucknow,Sports,4804.75,3.0,13-02-2025,credit card,2.0,App
CUST1549,Meera Kapoor,56.0,,delhi,Grocery,14516.32,2.0,2025-04-28,UPI ,6.0,Website
CUST1332,Kavya Bhat,,F,delhi,Beauty,15342.26,,17-12-2025,UPI,,Website
CUST1367,Kavya Singh,24.0,male,Mumbai,Home & Kitchen,8046.98,2.0,18-06-2025,Net Banking,3.0,App
CUST1449,Sanjay Desai,23.0,F,Chennai,Sports,3828.11,1.0,12/02/2025,Credit Card,6.0,Website
CUST1182,Sara Kapoor,,Female,Hyderabad,Grocery,12032.82,2.0,07/11/2025,UPI ,6.0,Website
CUST1228,Rahul Malhotra,43.0,female,Lucknow,Home & Kitchen,11321.94,2.0,2025-07-19,Cash on Delivery,4.0,Referral
CUST1595,Anjali Chopra,49.0,M,Delhi,Toys,2834.71,1.0,08/09/2025,Cash on Delivery,3.0,Website
CUST1105,Aditya Malhotra,24.0,,Delhi,Electronics,14723.66,2.0,15/10/2025,Debit Card,4.0,Referral
CUST1270,Dev Mehta,27.0,female,Hyderabad,Beauty,9996.67,1.0,13/12/2025,Net Banking,3.0,Website
CUST1313,Aryan Kulkarni,29.0,Male,Ahmedabad,Grocery,18561.83,3.0,2025-10-14,credit card,2.0,App
CUST1242,Riya Mehta,55.0,,delhi,Clothing,18313.66,2.0,22-11-2025,credit card,2.0,App
CUST1295,Neha Kulkarni,61.0,male,Hyderabad,Toys,7576.47,2.0,18-01-2025,UPI,2.0,Website
CUST1204,Pooja Kulkarni,44.0,Male,Jaipur,Books,13463.09,1.0,09-01-2025,UPI ,3.0,Website
CUST1569,Sneha Sharma,,,Hyderabad,Toys,9031.23,1.0,29-01-2025,Cash on Delivery,6.0,App
CUST1084,Ananya Singh,51.0,male,bangalore,Grocery,4374.09,1.0,09/11/2025,Cash on Delivery,,App
CUST1119,Sara Bose,,M,,Beauty,3901.29,1.0,29/08/2025,Net Banking,5.0,App
CUST1503,Kavya Verma,23.0,,Delhi,Electronics,18963.38,3.0,18/03/2025,Net Banking,4.0,App
CUST1167,Riya Rao,,male,Hyderabad,Electronics,14650.55,1.0,26-09-2025,UPI ,3.0,
CUST1327,Aarav Gupta,,female,Ahmedabad,Grocery,23743.73,,2025-09-19,Debit Card,5.0,
CUST1190,Rohan Patel,64.0,Male,delhi,Sports,15430.84,1.0,2025-05-04,Debit Card,2.0,App
CUST1578,Neha Rao,58.0,female,,Clothing,9424.08,3.0,2025-10-22,Net Banking,3.0,App
CUST1529,Karan Rao,27.0,F,Lucknow,Electronics,12957.27,,09/09/2025,UPI ,4.0,
CUST1093,Aditya Bhat,62.0,female,Kolkata,Clothing,3623.46,1.0,05/06/2025,Debit Card,2.0,App
CUST1262,Neha Mehta,35.0,male,Pune,Clothing,12625.72,1.0,2025-04-02,Credit Card,4.0,Website
CUST1139,Riya Nair,26.0,female,delhi,Toys,1069.05,1.0,2025-01-23,Credit Card,5.0,Referral
CUST1277,Arjun Menon,32.0,,delhi,Books,1605.99,2.0,29/09/2025,Cash on Delivery,3.0,Website
CUST1057,Ishaan Pillai,31.0,,Chennai,Beauty,7099.51,2.0,26/12/2025,Credit Card,6.0,App
CUST1544,Kavya Verma,21.0,M,Hyderabad,Sports,6396.84,2.0,2025-08-21,Debit Card,1.0,App
CUST1089,Rahul Verma,37.0,Male,Lucknow,Beauty,18349.14,1.0,01/06/2025,UPI ,3.0,App
CUST1426,Simran Iyer,51.0,F,Kolkata,Books,23414.95,1.0,19-11-2025,Credit Card,6.0,App
CUST1363,Pooja Singh,26.0,,delhi,Books,24009.34,1.0,02-06-2025,credit card,1.0,App
CUST1281,Kabir Reddy,39.0,,,Beauty,1629.97,1.0,28-10-2025,UPI,2.0,App
CUST1140,Vikram Chopra,52.0,M,Bengaluru,Home & Kitchen,7259.86,,25-01-2025,credit card,5.0,Website
CUST1523,Simran Kapoor,34.0,Male,Bengaluru,Clothing,1563.52,2.0,2025-12-03,Debit Card,2.0,Website
CUST1288,Aditya Verma,36.0,M,Chennai,Clothing,1993.88,1.0,2025-07-12,Debit Card,6.0,Website
CUST1305,Riya Menon,46.0,,Ahmedabad,Beauty,8704.59,,13-05-2025,Debit Card,5.0,Website
CUST1024,Aryan Bose,,male,Bengaluru,Clothing,10567.74,2.0,17-10-2025,credit card,5.0,App
CUST1165,Aryan Desai,26.0,male,Pune,Grocery,9914.92,2.0,03-06-2025,credit card,6.0,App
CUST1599,Neha Reddy,37.0,F,delhi,Clothing,14286.05,2.0,04-12-2025,COD,,App
CUST1580,Sneha Desai,58.0,male,Hyderabad,Grocery,19152.53,2.0,27-03-2025,credit card,5.0,
CUST1129,Pooja Singh,37.0,,Hyderabad,Beauty,17005.92,2.0,14/08/2025,Net Banking,4.0,App
CUST1438,Simran Malhotra,41.0,,Lucknow,Books,13296.17,3.0,06/02/2025,Debit Card,4.0,App
CUST1241,Sanjay Rao,58.0,F,Ahmedabad,Clothing,15895.65,,17/02/2025,Net Banking,5.0,Website
CUST1530,Yash Gupta,52.0,Male,Kolkata,Toys,3161.91,2.0,03/07/2025,Net Banking,4.0,Website
CUST1435,Anjali Kapoor,38.0,female,Pune,Clothing,2541.97,3.0,2025-02-04,UPI,3.0,Website
CUST1263,Aryan Bhat,36.0,M,Mumbai,Toys,348.03,1.0,30-05-2025,Net Banking,4.0,Website
CUST1099,Sanjay Mehta,19.0,M,Bengaluru,Grocery,18581.69,2.0,28-02-2025,Debit Card,,Website
CUST1443,Aarav Verma,,Male,Jaipur,Grocery,24836.29,1.0,04/01/2025,Cash on Delivery,4.0,Referral
CUST1471,Aryan Kulkarni,26.0,F,Pune,Toys,769.07,2.0,30-10-2025,Cash on Delivery,,Website
CUST1558,Yash Bose,62.0,,Mumbai ,Home & Kitchen,8113.53,1.0,15-09-2025,UPI ,5.0,Website
CUST1464,Diya Reddy,29.0,,Lucknow,Books,15199.27,2.0,29-04-2025,Cash on Delivery,4.0,
CUST1203,Ananya Sharma,31.0,F,Pune,Electronics,15503.21,3.0,12/11/2025,COD,1.0,Website
CUST1004,Priya Joshi,56.0,,Bengaluru,Toys,13475.27,2.0,10-02-2025,Net Banking,5.0,App
CUST1392,Rahul Pillai,46.0,Female,,Books,4989.45,,03-11-2025,Cash on Delivery,3.0,
CUST1067,Vivaan Singh,36.0,female,,Toys,1918.82,1.0,16-05-2025,Cash on Delivery,4.0,Website
CUST1576,Tanya Sharma,27.0,M,bangalore,Toys,3235.8,3.0,28/05/2025,UPI,,
CUST1147,Karan Kulkarni,25.0,,Chennai,Toys,5482.08,2.0,27-05-2025,COD,4.0,Website
CUST1329,Simran Iyer,24.0,Male,,Grocery,16634.37,1.0,18/06/2025,COD,5.0,
CUST1020,Tanya Kulkarni,24.0,female,Jaipur,Electronics,24229.56,,2025-05-02,UPI ,,Website
CUST1568,Yash Bose,60.0,,Lucknow,Toys,8566.31,1.0,2025-09-03,UPI,6.0,Website
CUST1261,Riya Joshi,42.0,Female,,Electronics,13888.69,3.0,02/12/2025,Cash on Delivery,5.0,App
CUST1299,Karan Pillai,,F,Bengaluru,Grocery,6994.04,1.0,13-11-2025,UPI ,1.0,Website
CUST1469,Karan Verma,53.0,male,delhi,Electronics,4867.78,2.0,23/07/2025,Net Banking,,App
CUST1400,Simran Singh,34.0,Female,Hyderabad,Home & Kitchen,20932.92,1.0,2025-03-21,Debit Card,2.0,
CUST1191,Vivaan Bhat,56.0,Female,Mumbai ,Electronics,10146.29,1.0,2025-10-04,Credit Card,3.0,App
CUST1549,Meera Kapoor,56.0,,delhi,Grocery,14516.32,2.0,2025-04-28,UPI ,6.0,Website
CUST1597,Kavya Desai,49.0,Female,Chennai,Toys,12332.72,1.0,05/10/2025,Credit Card,1.0,Website
CUST1197,Riya Patel,39.0,Male,Hyderabad,Home & Kitchen,24057.63,1.0,2025-09-03,Cash on Delivery,4.0,App
CUST1141,Tanya Joshi,45.0,female,Ahmedabad,Sports,8575.06,1.0,12-09-2025,COD,5.0,App
CUST1083,Yash Iyer,46.0,female,Chennai,Electronics,1292.88,,29/01/2025,credit card,5.0,Website
CUST1403,Karan Nair,47.0,female,Jaipur,Toys,7993.93,1.0,07-01-2025,Cash on Delivery,4.0,App
CUST1202,Vivaan Desai,20.0,,bangalore,Electronics,19143.82,2.0,12-03-2025,Cash on Delivery,2.0,
CUST1589,Ritika Pillai,,Female,Ahmedabad,Clothing,4644.09,1.0,14/07/2025,Cash on Delivery,6.0,App
CUST1085,Ananya Singh,47.0,F,Chennai,Electronics,22487.88,2.0,28-05-2025,UPI,2.0,Website
CUST1353,Anjali Verma,,,bangalore,Books,12340.19,2.0,09/10/2025,Debit Card,5.0,App
CUST1596,Diya Verma,22.0,female,Bengaluru,Grocery,9658.43,3.0,2025-06-17,Net Banking,2.0,Website
CUST1180,Ananya Pillai,38.0,Male,Chennai,Sports,6002.7,,17/05/2025,Net Banking,1.0,Referral
CUST1100,Yash Joshi,,Male,Ahmedabad,Home & Kitchen,23643.58,1.0,04-12-2025,Net Banking,,
CUST1362,Diya Kapoor,61.0,male,Mumbai,Books,19167.06,2.0,15/07/2025,Credit Card,,App
CUST1075,Aarav Kulkarni,44.0,Female,,Clothing,11616.98,1.0,2025-11-28,COD,5.0,App
CUST1008,Rohan Gupta,,female,Pune,Home & Kitchen,16437.65,2.0,26/11/2025,UPI,5.0,App
CUST1448,Vikram Verma,38.0,male,Delhi,Beauty,12634.68,1.0,2025-03-20,UPI ,,App
CUST1274,Karan Malhotra,29.0,Female,Delhi,Books,7104.39,1.0,18-01-2025,Cash on Delivery,5.0,Website
CUST1280,Sneha Nair,49.0,Male,Bengaluru,Home & Kitchen,15101.32,1.0,27/09/2025,Credit Card,5.0,App
CUST1155,Anjali Menon,,Male,,Electronics,2168.39,3.0,23/10/2025,Cash on Delivery,4.0,App
CUST1405,Riya Malhotra,31.0,female,delhi,Beauty,9222.19,2.0,24/05/2025,UPI,3.0,App
CUST1192,Sneha Singh,,M,Lucknow,Beauty,6037.07,1.0,05-12-2025,Cash on Delivery,4.0,Referral
CUST1572,Sneha Joshi,40.0,F,,Clothing,5510.02,2.0,01/08/2025,Net Banking,3.0,
CUST1401,Kavya Pillai,57.0,,,Electronics,21223.06,1.0,14/11/2025,COD,5.0,Website
CUST1463,Dev Reddy,64.0,,Pune,Sports,24035.73,1.0,15-08-2025,Net Banking,3.0,App
CUST1051,Aditya Verma,19.0,Female,,Electronics,15590.19,1.0,06/03/2025,Debit Card,4.0,Website
CUST1039,Dev Sharma,37.0,Female,Kolkata,Beauty,11704.96,2.0,2025-12-12,COD,3.0,
CUST1209,Aarav Patel,55.0,,,Sports,23232.54,1.0,25-03-2025,Cash on Delivery,4.0,
CUST1006,Dev Joshi,28.0,M,Hyderabad,Books,17590.23,3.0,2025-11-28,UPI,6.0,
CUST1076,Nikhil Rao,44.0,F,Hyderabad,Toys,13848.94,2.0,08-04-2025,UPI,2.0,Referral
CUST1249,Sanjay Sharma,57.0,F,Pune,Home & Kitchen,15757.79,1.0,30-07-2025,COD,4.0,Website
CUST1048,Rohan Malhotra,49.0,F,Pune,Sports,18145.91,,2025-08-28,Credit Card,4.0,App
CUST1303,Aditya Kapoor,63.0,F,Delhi,Electronics,4467.37,,2025-04-13,Cash on Delivery,1.0,Website
CUST1071,Sanjay Malhotra,58.0,Male,Ahmedabad,Beauty,10297.45,1.0,2025-12-10,UPI,5.0,Website
CUST1416,Sara Rao,53.0,Female,Mumbai ,Grocery,14832.15,2.0,20-11-2025,UPI ,6.0,
CUST1330,Aditya Joshi,39.0,Male,Kolkata,Sports,24063.4,1.0,17-07-2025,COD,4.0,
CUST1226,Diya Bhat,64.0,M,Mumbai,Books,1260.37,3.0,2025-02-28,credit card,2.0,
CUST1287,Riya Chopra,40.0,F,Mumbai,Toys,19749.94,2.0,30-11-2025,Cash on Delivery,3.0,Website
CUST1012,Aarav Rao,50.0,male,Mumbai,Books,21065.48,2.0,2025-11-08,UPI,5.0,App
CUST1402,Ishaan Desai,35.0,Female,delhi,Grocery,1495.58,,05/08/2025,Credit Card,6.0,Referral
CUST1151,Karan Pillai,51.0,,Kolkata,Clothing,3264.37,1.0,2025-11-25,COD,,
CUST1419,Aarav Malhotra,,Female,delhi,Electronics,13773.07,1.0,30-07-2025,UPI ,4.0,App
CUST1116,Sanjay Chopra,51.0,F,,Books,18683.25,1.0,2025-06-20,Debit Card,6.0,
CUST1282,Ritika Joshi,22.0,female,bangalore,Sports,14712.51,1.0,04/06/2025,UPI,3.0,
CUST1254,Ishaan Pillai,22.0,male,Mumbai,Electronics,6665.3,1.0,31/01/2025,Net Banking,6.0,Website
CUST1196,Aditya Kulkarni,64.0,Male,Chennai,Sports,16890.75,2.0,2025-01-21,Cash on Delivery,6.0,App
CUST1591,Riya Iyer,42.0,F,Lucknow,Books,17223.11,,2025-08-16,UPI ,5.0,Website
CUST1066,Kabir Rao,60.0,Female,Hyderabad,Grocery,13867.01,1.0,02/01/2025,COD,,Referral
CUST1410,Yash Kapoor,40.0,female,Jaipur,Toys,19402.4,2.0,10/02/2025,Net Banking,,
CUST1428,Ishaan Rao,55.0,F,delhi,Home & Kitchen,371.91,1.0,25-10-2025,COD,3.0,Referral
CUST1220,Pooja Nair,61.0,Male,Mumbai ,Toys,23582.93,1.0,13/08/2025,Debit Card,4.0,
CUST1370,Aryan Kulkarni,30.0,female,bangalore,Clothing,18226.52,1.0,17-09-2025,Credit Card,4.0,App
CUST1382,Ishaan Mehta,,male,Mumbai,Home & Kitchen,9548.55,1.0,2025-02-25,Cash on Delivery,6.0,App
CUST1070,Aditya Singh,,male,Bengaluru,Books,14469.74,,31/03/2025,COD,5.0,App
CUST1094,Aryan Kulkarni,26.0,F,Pune,Sports,14745.41,3.0,21/03/2025,Debit Card,,App
CUST1069,Aman Kapoor,62.0,M,Jaipur,Toys,11028.31,2.0,21/01/2025,credit card,5.0,Website
CUST1022,Nikhil Pillai,27.0,M,Hyderabad,Electronics,14542.63,2.0,01-02-2025,credit card,1.0,Website
CUST1078,Pooja Pillai,40.0,male,delhi,Sports,11465.31,1.0,07-04-2025,Cash on Delivery,4.0,App
CUST1514,Sara Menon,65.0,female,delhi,Books,1676.23,2.0,2025-10-24,Credit Card,5.0,
CUST1459,Rahul Kapoor,33.0,M,delhi,Electronics,15700.94,2.0,16-01-2025,Net Banking,4.0,App
CUST1237,Neha Iyer,65.0,M,,Electronics,11325.85,1.0,14/02/2025,Debit Card,4.0,App
CUST1446,Ishaan Pillai,,,Mumbai,Books,1078.68,,23/10/2025,Debit Card,1.0,Referral
CUST1315,Ritika Bose,,Male,Ahmedabad,Home & Kitchen,12586.86,,15/12/2025,Net Banking,4.0,Website
CUST1126,Priya Sharma,41.0,Female,Hyderabad,Beauty,23699.56,2.0,2025-04-09,UPI,3.0,Website
CUST1229,Yash Gupta,54.0,,,Grocery,9239.96,1.0,2025-08-23,Net Banking,,App
CUST1440,Pooja Malhotra,65.0,,bangalore,Beauty,16911.14,3.0,07/12/2025,Debit Card,3.0,App
CUST1043,Vikram Kulkarni,56.0,,Ahmedabad,Sports,20789.64,2.0,2025-08-17,COD,,Referral
CUST1005,Kabir Gupta,20.0,,Chennai,Clothing,21404.65,,21/02/2025,Net Banking,,
CUST1378,Ishaan Nair,,female,,Clothing,16578.57,2.0,19-06-2025,Debit Card,,
CUST1488,Anjali Iyer,37.0,female,Bengaluru,Books,10434.66,2.0,02/05/2025,COD,5.0,App
CUST1065,Karan Bhat,46.0,,Lucknow,Sports,7738.7,2.0,31-01-2025,Debit Card,4.0,
CUST1040,Aditya Kapoor,,M,Mumbai,Home & Kitchen,16868.97,1.0,2025-04-12,Credit Card,1.0,App
CUST1110,Ananya Nair,57.0,female,Mumbai,Books,11161.36,2.0,06-09-2025,COD,4.0,Referral
CUST1256,Arjun Chopra,55.0,M,Mumbai ,Sports,18289.47,,2025-05-03,Cash on Delivery,2.0,Website
CUST1439,Diya Iyer,64.0,male,Kolkata,Home & Kitchen,4949.02,3.0,08-05-2025,UPI,6.0,
CUST1375,Vivaan Mehta,24.0,female,,Books,20896.58,1.0,24-10-2025,UPI,4.0,
CUST1206,Sanjay Singh,62.0,M,bangalore,Clothing,16395.33,,2025-11-29,Debit Card,4.0,Website
CUST1511,Sanjay Pillai,63.0,Male,Lucknow,Toys,24049.18,1.0,14-03-2025,Net Banking,,App
CUST1148,Ananya Gupta,46.0,female,Ahmedabad,Clothing,20291.25,,13-06-2025,credit card,2.0,App
CUST1007,Meera Nair,47.0,M,bangalore,Home & Kitchen,17162.66,,2025-01-29,Credit Card,5.0,Website
CUST1506,Ritika Sharma,33.0,female,Lucknow,Sports,15686.58,3.0,15/07/2025,UPI ,4.0,App
CUST1291,Pooja Pillai,27.0,M,Bengaluru,Sports,2327.56,,05-12-2025,COD,4.0,Website
CUST1412,Arjun Kapoor,63.0,male,bangalore,Sports,6890.52,2.0,05-07-2025,COD,4.0,App
CUST1444,Aarav Rao,53.0,male,Lucknow,Grocery,2493.04,2.0,2025-07-02,UPI,5.0,Referral
CUST1408,Nikhil Nair,21.0,,Chennai,Toys,20998.45,1.0,19-08-2025,credit card,5.0,Referral
CUST1359,Pooja Malhotra,59.0,female,bangalore,Grocery,740.26,3.0,2025-06-19,Debit Card,2.0,Website
CUST1500,Neha Singh,57.0,male,Delhi,Toys,9687.84,1.0,17-04-2025,UPI ,4.0,App
CUST1260,Ishaan Rao,,female,Mumbai ,Clothing,5825.85,2.0,2025-01-02,Credit Card,4.0,Website
CUST1283,Neha Pillai,59.0,Female,Mumbai ,Beauty,5697.44,2.0,31/03/2025,Net Banking,5.0,App
CUST1123,Sara Kapoor,42.0,,Pune,Electronics,19762.29,3.0,2025-06-21,credit card,2.0,App
CUST1079,Ritika Malhotra,20.0,female,Ahmedabad,Sports,9744.06,3.0,2025-11-30,COD,1.0,App
CUST1571,Anjali Menon,50.0,female,Pune,Sports,3826.46,,07/08/2025,UPI ,5.0,Website
CUST1321,Ananya Mehta,49.0,,Hyderabad,Grocery,23709.9,,2025-07-26,Cash on Delivery,4.0,
CUST1593,Karan Chopra,,Male,Mumbai ,Grocery,1758.05,1.0,2025-06-23,UPI ,2.0,App
CUST1152,Vikram Joshi,26.0,female,Lucknow,Grocery,19229.37,1.0,10-08-2025,Credit Card,2.0,App
CUST1376,Karan Joshi,55.0,male,Chennai,Sports,24320.95,1.0,22/09/2025,credit card,5.0,Website
CUST1300,Aryan Mehta,62.0,Male,Mumbai ,Toys,23032.75,1.0,11/01/2025,Net Banking,5.0,Referral
CUST1454,Sara Reddy,36.0,M,Mumbai ,Clothing,7732.18,2.0,12/01/2025,Cash on Delivery,6.0,App
CUST1586,SARA RAO,20.0,M,bangalore,Electronics,18900.57,,05-03-2025,Cash on Delivery,4.0,App
CUST1164,Anjali Desai,43.0,Male,Bengaluru,Electronics,3555.35,1.0,31-08-2025,COD,3.0,App
CUST1522,Pooja Sharma,61.0,,Mumbai,Electronics,10369.53,2.0,23-02-2025,COD,5.0,App
CUST1397,Ritika Sharma,48.0,M,Mumbai,Sports,15896.5,1.0,13-12-2025,Cash on Delivery,5.0,Website
CUST1326,Kabir Joshi,63.0,M,Delhi,Electronics,13771.25,1.0,19/12/2025,credit card,4.0,Website
CUST1404,Diya Mehta,,,Chennai,Grocery,13781.8,1.0,18/05/2025,credit card,5.0,App
CUST1266,Sara Singh,51.0,female,Pune,Toys,24367.69,1.0,2025-10-25,UPI,4.0,Website
CUST1552,Riya Iyer,46.0,Female,Mumbai,Electronics,17375.02,2.0,2025-04-22,credit card,5.0,App
CUST1148,Ananya Gupta,46.0,female,Ahmedabad,Clothing,20291.25,,13-06-2025,credit card,2.0,App
CUST1425,Aryan Rao,42.0,Male,delhi,Home & Kitchen,9712.23,2.0,07-05-2025,Credit Card,4.0,Website
CUST1525,Sara Gupta,58.0,M,delhi,Sports,17351.7,3.0,15/06/2025,UPI,2.0,Referral
CUST1302,Rahul Gupta,30.0,Female,,Sports,18562.48,,22/09/2025,Credit Card,6.0,App
CUST1279,Meera Bose,38.0,male,Bengaluru,Beauty,23696.83,2.0,14-03-2025,Cash on Delivery,,App
CUST1144,Tanya Verma,22.0,M,Jaipur,Grocery,23826.82,1.0,08-11-2025,COD,1.0,App
CUST1466,Ishaan Patel,32.0,F,delhi,Electronics,23147.06,2.0,24-04-2025,Cash on Delivery,4.0,Website
CUST1470,Neha Kapoor,57.0,female,Jaipur,Grocery,11669.94,3.0,2025-08-20,Debit Card,3.0,App
CUST1200,Sanjay Malhotra,36.0,Female,Pune,Home & Kitchen,9589.02,,06/05/2025,credit card,5.0,Website
CUST1042,Nikhil Sharma,24.0,Female,Delhi,Toys,1397.93,1.0,04/03/2025,UPI,,
CUST1457,Aarav Kapoor,59.0,Female,Kolkata,Clothing,22611.22,2.0,02-11-2025,Debit Card,3.0,App
CUST1574,Yash Chopra,23.0,F,bangalore,Books,10450.67,2.0,25-08-2025,UPI,4.0,App
CUST1518,Rahul Nair,,female,,Beauty,1500.0,1.0,2025-03-01,UPI,,Website
CUST1365,Aryan Desai,27.0,Female,Hyderabad,Books,4979.01,1.0,10-12-2025,Credit Card,6.0,Website
CUST1232,Neha Menon,,F,Kolkata,Grocery,12243.75,2.0,22-12-2025,UPI,6.0,App
CUST1246,Karan Kapoor,64.0,F,bangalore,Clothing,17636.9,1.0,20/04/2025,Debit Card,3.0,App
CUST1434,Ritika Joshi,57.0,M,Mumbai ,Clothing,16508.49,2.0,2025-07-18,COD,6.0,App
CUST1314,Priya Singh,65.0,F,delhi,Beauty,9386.31,2.0,31/05/2025,Debit Card,,Website
CUST1168,Meera Verma,54.0,Female,Bengaluru,Toys,7945.26,1.0,31-07-2025,Cash on Delivery,4.0,App
CUST1333,Diya Malhotra,46.0,Male,Chennai,Beauty,457.15,,14-12-2025,Cash on Delivery,5.0,App
CUST1159,Sneha Chopra,57.0,Female,,Grocery,20364.92,2.0,2025-06-10,UPI,,App
CUST1495,Vivaan Reddy,19.0,female,Bengaluru,Clothing,9682.45,1.0,07/08/2025,UPI,,App
CUST1264,Priya Bose,49.0,female,Jaipur,Home & Kitchen,3891.57,2.0,2025-01-13,credit card,1.0,Referral
CUST1427,Diya Rao,48.0,Female,Pune,Electronics,21611.89,1.0,2025-02-27,UPI ,5.0,Website
CUST1030,Neha Kulkarni,18.0,Male,Mumbai ,Grocery,13707.92,,09-07-2025,UPI,4.0,App
CUST1239,Rohan Menon,52.0,M,Mumbai ,Books,7339.93,1.0,21-09-2025,Debit Card,3.0,Website
CUST1251,Aditya Singh,,male,Mumbai ,Books,19507.4,3.0,14-01-2025,Net Banking,4.0,App
CUST1163,Dev Menon,,Male,Delhi,Clothing,9938.51,,23-06-2025,credit card,3.0,App
CUST1150,Tanya Pillai,19.0,male,Lucknow,Beauty,11765.04,2.0,08-03-2025,Debit Card,2.0,Referral
CUST1227,Tanya Nair,65.0,male,Delhi,Grocery,8375.09,2.0,2025-08-25,UPI ,3.0,App
CUST1354,Meera Nair,51.0,,Jaipur,Grocery,10485.89,2.0,2025-07-26,credit card,4.0,App
CUST1554,Yash Reddy,63.0,Female,delhi,Beauty,15726.25,3.0,2025-11-21,Debit Card,4.0,
CUST1095,Neha Rao,20.0,Female,Ahmedabad,Toys,23771.3,,2025-07-05,credit card,6.0,
CUST1441,Pooja Chopra,50.0,female,Delhi,Toys,23347.97,1.0,09/10/2025,credit card,4.0,
CUST1552,RIYA IYER,46.0,Female,Mumbai,Electronics,17375.02,2.0,2025-04-22,credit card,5.0,App
CUST1222,Karan Kulkarni,50.0,male,Bengaluru,Beauty,17585.61,,02-10-2025,Debit Card,2.0,App
CUST1086,Priya Bose,37.0,female,Chennai,Toys,21155.8,1.0,16/07/2025,Debit Card,4.0,Website
CUST1389,Priya Chopra,65.0,,,Clothing,18733.18,2.0,2025-12-25,Debit Card,4.0,App
CUST1188,Aman Chopra,42.0,female,bangalore,Grocery,16390.32,1.0,2025-03-02,UPI ,6.0,App
CUST1090,Ananya Kulkarni,41.0,male,Chennai,Grocery,6535.71,,04/09/2025,credit card,2.0,Website
CUST1370,ARYAN KULKARNI,30.0,female,bangalore,Clothing,18226.52,1.0,17-09-2025,Credit Card,4.0,App
CUST1035,Aarav Iyer,34.0,male,Chennai,Electronics,2843.8,2.0,26-06-2025,credit card,4.0,App
CUST1218,Arjun Malhotra,,Female,Chennai,Beauty,15139.8,3.0,13/04/2025,credit card,3.0,Website
CUST1073,Dev Sharma,60.0,F,Kolkata,Electronics,4811.43,1.0,15/11/2025,COD,1.0,App
CUST1306,Karan Verma,,,Hyderabad,Home & Kitchen,16237.39,3.0,16/04/2025,UPI ,6.0,Website
CUST1221,Riya Reddy,58.0,Female,Chennai,Grocery,17923.62,,2025-07-13,COD,,App
CUST1543,Meera Bhat,58.0,M,Bengaluru,Home & Kitchen,2950.08,1.0,17/12/2025,COD,3.0,App
CUST1555,Arjun Desai,20.0,F,delhi,Books,17496.67,2.0,05-10-2025,Cash on Delivery,2.0,App
CUST1396,Aryan Kulkarni,54.0,female,Ahmedabad,Sports,14144.74,,05/05/2025,COD,,App
CUST1395,Sanjay Sharma,34.0,F,Jaipur,Clothing,14031.97,2.0,31/05/2025,Debit Card,6.0,Referral
CUST1111,Kabir Desai,25.0,F,Mumbai,Books,17003.71,2.0,07-09-2025,Net Banking,1.0,App
CUST1368,Sanjay Joshi,38.0,Female,Bengaluru,Beauty,6267.45,1.0,31-12-2025,UPI ,5.0,Referral
CUST1413,Ishaan Sharma,26.0,female,Chennai,Clothing,5382.7,2.0,2025-02-22,Debit Card,,App
CUST1013,Pooja Desai,,M,Ahmedabad,Electronics,2929.91,1.0,2025-06-07,Credit Card,4.0,App
CUST1545,Ishaan Nair,19.0,male,Mumbai,Clothing,22392.72,3.0,16-08-2025,credit card,4.0,App
CUST1344,Neha Menon,62.0,M,Kolkata,Beauty,24266.72,2.0,2025-03-10,UPI ,6.0,Referral
CUST1199,Riya Mehta,31.0,M,Kolkata,Electronics,14128.74,1.0,2025-03-16,Net Banking,6.0,App
CUST1214,Diya Reddy,23.0,F,Ahmedabad,Sports,2716.83,1.0,01-07-2025,Debit Card,5.0,Website
CUST1600,Ritika Nair,50.0,F,Chennai,Toys,14837.47,2.0,12-11-2025,credit card,5.0,Referral
CUST1235,Sanjay Sharma,32.0,Male,Chennai,Home & Kitchen,13509.57,1.0,23-08-2025,COD,6.0,App
CUST1592,Kabir Gupta,48.0,Female,Bengaluru,Toys,16851.57,2.0,13-08-2025,Debit Card,2.0,App
CUST1421,Simran Kulkarni,35.0,Female,,Clothing,4682.82,1.0,26-02-2025,COD,,Referral
CUST1432,Ishaan Kulkarni,40.0,female,Ahmedabad,Books,21711.4,2.0,2025-10-11,Debit Card,6.0,App
CUST1535,Kavya Kulkarni,,Female,Mumbai,Electronics,18426.17,2.0,2025-12-01,COD,1.0,App
CUST1217,Simran Pillai,,Female,Ahmedabad,Clothing,3516.91,1.0,22/07/2025,UPI ,5.0,Website
CUST1097,Meera Reddy,54.0,Male,,Home & Kitchen,14721.62,,30/04/2025,UPI,1.0,Referral
CUST1462,Nikhil Desai,26.0,,Delhi,Grocery,8039.78,2.0,30-09-2025,Debit Card,3.0,Referral
CUST1575,Dev Chopra,36.0,F,Bengaluru,Books,20889.44,1.0,10-09-2025,COD,4.0,Website
CUST1298,Ananya Reddy,,male,delhi,Clothing,23134.46,2.0,21/02/2025,credit card,4.0,Referral
CUST1064,Riya Gupta,54.0,Female,Delhi,Books,2266.75,1.0,02-03-2025,UPI ,4.0,App
CUST1223,Kavya Joshi,,Male,Lucknow,Sports,24175.26,1.0,2025-08-09,Credit Card,2.0,Referral
CUST1453,Ananya Bhat,20.0,Female,bangalore,Beauty,4026.38,3.0,2025-02-13,Credit Card,4.0,App
CUST1096,Priya Verma,43.0,Female,Mumbai,Toys,2428.08,1.0,25-11-2025,Credit Card,1.0,Referral
CUST1014,Aditya Gupta,64.0,,Mumbai,Grocery,3340.53,2.0,2025-10-09,Net Banking,6.0,App
CUST1328,Meera Bhat,36.0,F,Bengaluru,Clothing,20357.48,,21/01/2025,credit card,5.0,Website
CUST1436,Kabir Iyer,49.0,Male,Bengaluru,Sports,16499.34,2.0,16-11-2025,Net Banking,1.0,Referral
CUST1018,Tanya Malhotra,30.0,Male,bangalore,Sports,8954.29,2.0,28-08-2025,Credit Card,2.0,Website
CUST1542,Dev Kapoor,40.0,Male,Jaipur,Home & Kitchen,4918.79,2.0,18-02-2025,credit card,6.0,App
CUST1531,Rahul Gupta,41.0,,Pune,Clothing,21053.36,,29-05-2025,Cash on Delivery,3.0,App
CUST1247,Meera Desai,61.0,Male,Bengaluru,Beauty,20455.16,,05-08-2025,UPI,,Website
CUST1564,Riya Joshi,36.0,Female,Pune,Books,11479.77,1.0,2025-11-13,Net Banking,3.0,App
CUST1349,Diya Menon,61.0,,Hyderabad,Sports,6054.25,,23/12/2025,Credit Card,4.0,Website
CUST1208,Sara Verma,32.0,,Mumbai ,Toys,6886.71,1.0,17/12/2025,Credit Card,3.0,Referral
CUST1091,Aditya Reddy,32.0,,delhi,Beauty,2394.03,2.0,08/01/2025,Debit Card,,Referral
CUST1308,Ritika Joshi,47.0,Female,Ahmedabad,Books,16978.32,,16/11/2025,Debit Card,1.0,App
CUST1342,Vivaan Bose,25.0,F,bangalore,Grocery,24101.79,1.0,29-09-2025,Credit Card,6.0,Website
CUST1381,Kabir Bhat,56.0,,Ahmedabad,Grocery,5601.19,2.0,2025-11-04,UPI,6.0,Referral
CUST1418,Sneha Sharma,18.0,,delhi,Grocery,8695.54,2.0,2025-10-01,COD,,Referral
CUST1345,Dev Kulkarni,38.0,female,Hyderabad,Home & Kitchen,5361.36,3.0,29-05-2025,credit card,3.0,
CUST1472,Rohan Mehta,62.0,female,Mumbai ,Clothing,2416.1,3.0,19-08-2025,credit card,2.0,App
CUST1516,Aarav Iyer,56.0,male,Mumbai ,Grocery,16530.02,1.0,31/03/2025,Cash on Delivery,,App
CUST1033,Tanya Iyer,42.0,,Ahmedabad,Home & Kitchen,5109.38,2.0,29/06/2025,Cash on Delivery,4.0,Website
CUST1447,Priya Malhotra,44.0,,delhi,Home & Kitchen,18729.81,,2025-11-05,UPI ,1.0,Referral
CUST1173,Riya Patel,30.0,M,Jaipur,Books,3561.23,2.0,2025-10-28,Cash on Delivery,1.0,
CUST1547,Sanjay Pillai,21.0,Female,Hyderabad,Toys,4574.81,1.0,11/03/2025,Cash on Delivery,5.0,Referral
CUST1548,Kabir Mehta,26.0,female,Lucknow,Electronics,7123.01,1.0,27/08/2025,UPI ,3.0,Referral
CUST1409,Priya Kulkarni,53.0,M,Bengaluru,Sports,3162.75,,14-12-2025,Cash on Delivery,6.0,App
CUST1536,Nikhil Reddy,18.0,female,Bengaluru,Books,20545.37,1.0,22-08-2025,UPI,2.0,Website
CUST1583,Sara Gupta,25.0,Male,Ahmedabad,Beauty,7892.6,1.0,13/03/2025,credit card,3.0,
CUST1201,Simran Pillai,47.0,female,delhi,Beauty,4356.25,3.0,07/10/2025,UPI,6.0,
CUST1293,Pooja Chopra,29.0,F,Pune,Grocery,11227.52,1.0,14/08/2025,Net Banking,4.0,Referral
CUST1559,Aditya Joshi,40.0,F,Jaipur,Clothing,11833.57,2.0,14-12-2025,Net Banking,,App
CUST1511,Sanjay Pillai,63.0,Male,Lucknow,Toys,24049.18,1.0,14-03-2025,Net Banking,,App
CUST1590,Neha Iyer,38.0,F,Mumbai,Grocery,12471.03,1.0,27/12/2025,Credit Card,2.0,Referral
CUST1570,Tanya Rao,30.0,Male,Jaipur,Toys,16975.03,1.0,20/09/2025,Cash on Delivery,,Referral
CUST1290,Arjun Patel,30.0,female,Jaipur,Books,16565.86,1.0,2025-05-02,Credit Card,4.0,App
CUST1490,Ananya Patel,39.0,female,,Books,19422.0,1.0,20-02-2025,UPI,4.0,
CUST1456,Vivaan Kapoor,,M,Bengaluru,Toys,16420.73,1.0,04/02/2025,Net Banking,5.0,Website
CUST1563,Rahul Mehta,,female,Mumbai ,Toys,11531.48,2.0,09/03/2025,UPI,5.0,App
CUST1134,Aarav Rao,31.0,male,Mumbai ,Sports,2912.99,1.0,02/05/2025,Debit Card,1.0,App
CUST1061,Simran Pillai,,,Jaipur,Books,24515.69,,10/04/2025,Cash on Delivery,5.0,App
CUST1027,Sneha Menon,59.0,Male,bangalore,Books,23304.14,1.0,10/03/2025,Debit Card,2.0,
CUST1101,Aarav Verma,48.0,F,bangalore,Clothing,12333.18,2.0,2025-02-07,credit card,3.0,Website
CUST1532,Vivaan Chopra,60.0,M,Mumbai ,Sports,22427.05,3.0,19/12/2025,COD,2.0,
CUST1521,Rohan Iyer,,F,Ahmedabad,Home & Kitchen,18397.69,2.0,10-04-2025,credit card,3.0,Referral
CUST1364,Ritika Kulkarni,27.0,Male,Bengaluru,Sports,13498.23,1.0,2025-06-06,credit card,4.0,Website
CUST1310,Rohan Kapoor,30.0,male,delhi,Home & Kitchen,22507.22,,04/11/2025,credit card,3.0,
CUST1253,Riya Menon,22.0,Male,Pune,Beauty,3429.77,,19/10/2025,credit card,6.0,
CUST1482,Aryan Menon,32.0,Female,Bengaluru,Clothing,746.07,3.0,02-03-2025,Cash on Delivery,4.0,Website
CUST1442,Neha Mehta,56.0,male,Jaipur,Home & Kitchen,9470.32,2.0,11/05/2025,COD,,Website
CUST1477,Ananya Verma,59.0,Male,Delhi,Electronics,16724.86,,05/11/2025,credit card,2.0,Website
CUST1023,Sanjay Pillai,50.0,Female,Bengaluru,Clothing,21305.86,1.0,2025-11-01,Cash on Delivery,4.0,Website
CUST1063,Ritika Sharma,54.0,F,Ahmedabad,Toys,8616.54,1.0,10/05/2025,Debit Card,2.0,Website
CUST1149,Pooja Kapoor,37.0,female,Mumbai ,Grocery,19873.36,2.0,2025-04-25,Cash on Delivery,3.0,App
CUST1484,Sneha Desai,53.0,,Bengaluru,Clothing,17193.02,1.0,22-07-2025,Credit Card,3.0,App
CUST1014,Aditya Gupta,64.0,,Mumbai,Grocery,3340.53,2.0,2025-10-09,Net Banking,6.0,App
CUST1258,Priya Desai,51.0,Female,Pune,Grocery,18781.94,,18-05-2025,Debit Card,1.0,Referral
CUST1053,Kavya Chopra,43.0,Male,Lucknow,Home & Kitchen,2682.25,,04-06-2025,Debit Card,1.0,Referral
CUST1243,Karan Patel,45.0,F,Chennai,Beauty,20734.34,1.0,08-10-2025,UPI,,Referral
CUST1174,Aryan Desai,32.0,Male,Mumbai,Sports,8357.8,2.0,21-02-2025,UPI,1.0,App
CUST1036,Vikram Iyer,,Female,Chennai,Electronics,17763.31,1.0,24-09-2025,Cash on Delivery,5.0,Website
CUST1179,Kavya Patel,,,bangalore,Sports,20700.7,2.0,2025-06-17,UPI ,2.0,App
CUST1121,Aman Bose,53.0,F,delhi,Home & Kitchen,8139.94,2.0,2025-09-14,Credit Card,,Website
CUST1276,Karan Joshi,48.0,,Ahmedabad,Beauty,22830.02,2.0,14/06/2025,Net Banking,3.0,Website
CUST1045,Arjun Mehta,52.0,Female,Delhi,Home & Kitchen,9668.43,1.0,2025-12-28,Debit Card,4.0,Website
CUST1301,Dev Pillai,62.0,,Hyderabad,Grocery,7616.94,3.0,15/08/2025,Net Banking,4.0,App
CUST1077,Yash Malhotra,39.0,M,,Electronics,7178.55,1.0,28-10-2025,COD,3.0,Website
CUST1369,Ananya Mehta,48.0,F,Pune,Books,12251.24,1.0,31-03-2025,Debit Card,5.0,App
CUST1213,Ananya Chopra,63.0,female,Kolkata,Beauty,9113.4,1.0,03/01/2025,COD,5.0,Referral
CUST1268,Rohan Singh,22.0,Female,delhi,Clothing,4011.95,1.0,19/08/2025,credit card,4.0,Website
CUST1312,Nikhil Singh,61.0,female,delhi,Toys,22677.18,3.0,03-07-2025,Net Banking,3.0,
CUST1445,Aryan Bose,33.0,M,delhi,Books,2433.84,2.0,2025-10-19,Debit Card,5.0,Website
CUST1504,Sanjay Bhat,30.0,female,Pune,Books,14321.37,3.0,05/06/2025,credit card,2.0,App
CUST1496,Priya Kapoor,39.0,female,delhi,Clothing,24345.99,,27-08-2025,UPI,2.0,
CUST1034,Kavya Patel,43.0,M,,Clothing,24177.19,1.0,29-06-2025,UPI ,6.0,Referral
CUST1010,Aditya Verma,25.0,female,Delhi,Sports,14970.76,2.0,15-07-2025,COD,6.0,Referral
CUST1161,Sneha Pillai,56.0,M,Jaipur,Electronics,21202.23,2.0,10/03/2025,credit card,4.0,Referral
CUST1286,Rohan Patel,33.0,M,Chennai,Clothing,18052.28,1.0,17/07/2025,UPI ,3.0,Website
CUST1296,Ishaan Nair,31.0,Female,Bengaluru,Sports,2097.46,3.0,2025-08-11,UPI,5.0,Referral
CUST1278,Meera Singh,35.0,,delhi,Electronics,19136.64,1.0,22/10/2025,credit card,3.0,App
CUST1584,Sneha Sharma,65.0,Female,Delhi,Grocery,17247.97,1.0,2025-03-06,UPI,2.0,Website
CUST1485,Arjun Mehta,61.0,F,delhi,Electronics,16194.46,2.0,21-03-2025,COD,6.0,Referral
CUST1497,Aman Iyer,47.0,female,bangalore,Toys,11843.06,1.0,15-03-2025,Net Banking,5.0,Website
CUST1183,Yash Kulkarni,60.0,,Hyderabad,Clothing,13208.84,2.0,27/12/2025,Debit Card,2.0,Website
CUST1335,Aryan Menon,21.0,female,Delhi,Toys,21319.0,,2025-03-26,COD,5.0,App
CUST1037,Aditya Mehta,57.0,female,,Clothing,18035.89,1.0,17/09/2025,UPI ,5.0,Website
CUST1157,Nikhil Verma,28.0,F,Ahmedabad,Toys,5219.97,2.0,15/03/2025,credit card,5.0,Website
CUST1003,Rohan Sharma,28.0,M,Chennai,Grocery,5500.55,,2025-06-22,Debit Card,4.0,Website
CUST1509,Anjali Malhotra,57.0,F,Jaipur,Sports,13868.44,2.0,16/07/2025,Cash on Delivery,3.0,Website
CUST1498,Ishaan Mehta,38.0,F,Bengaluru,Clothing,11962.06,1.0,03/09/2025,UPI,5.0,Referral
CUST1309,Kavya Joshi,,male,Chennai,Books,17157.67,2.0,02/02/2025,Net Banking,5.0,Referral
CUST1290,Arjun Patel,30.0,female,Jaipur,Books,16565.86,1.0,2025-05-02,Credit Card,4.0,App
CUST1561,Nikhil Reddy,49.0,,Hyderabad,Electronics,7435.26,3.0,2025-10-05,COD,5.0,Website
CUST1415,Meera Kapoor,46.0,Female,Jaipur,Grocery,860.0,3.0,02/07/2025,COD,,App
CUST1422,Nikhil Menon,49.0,M,Bengaluru,Grocery,1383.36,2.0,2025-01-12,Debit Card,5.0,Referral
CUST1142,Rohan Gupta,64.0,Male,Kolkata,Grocery,13705.04,1.0,2025-02-22,credit card,5.0,Referral
CUST1224,Meera Desai,65.0,male,Lucknow,Home & Kitchen,11227.6,2.0,26-08-2025,UPI,5.0,Website
CUST1184,Dev Kulkarni,50.0,male,Jaipur,Grocery,4238.75,,24/09/2025,Debit Card,4.0,
CUST1405,Riya Malhotra,31.0,female,delhi,Beauty,9222.19,2.0,24/05/2025,UPI,3.0,App
CUST1512,Aditya Desai,57.0,Female,Ahmedabad,Clothing,17149.24,2.0,24/10/2025,Credit Card,5.0,App
CUST1118,Rohan Patel,,Female,delhi,Clothing,4552.08,,18/11/2025,COD,,
CUST1002,Aditya Patel,32.0,male,Bengaluru,Home & Kitchen,17943.09,3.0,07/10/2025,Cash on Delivery,,App
CUST1114,Vivaan Malhotra,19.0,Male,,Beauty,14457.62,2.0,27-07-2025,UPI ,5.0,Website
CUST1532,Vivaan Chopra,60.0,M,Mumbai ,Sports,22427.05,3.0,19/12/2025,COD,2.0,
CUST1166,Pooja Pillai,,M,Ahmedabad,Electronics,9303.69,3.0,26/02/2025,Net Banking,1.0,App
CUST1185,Sanjay Pillai,23.0,F,delhi,Electronics,11417.79,2.0,01/08/2025,Credit Card,6.0,Website
CUST1373,Aman Nair,,male,bangalore,Grocery,18437.61,2.0,2025-07-03,Cash on Delivery,,App
CUST1275,Neha Kulkarni,48.0,Male,Chennai,Sports,3560.32,1.0,26-11-2025,Cash on Delivery,6.0,Website
CUST1001,Rahul Iyer,19.0,Female,Hyderabad,Grocery,18451.31,3.0,2025-10-07,UPI ,1.0,Website
CUST1567,Sara Pillai,27.0,M,Delhi,Electronics,24258.23,2.0,17/09/2025,Net Banking,,Referral
CUST1541,Ananya Rao,51.0,F,Hyderabad,Grocery,15321.87,1.0,2025-11-02,COD,2.0,
CUST1501,Tanya Mehta,52.0,Female,bangalore,Clothing,18523.27,3.0,21/10/2025,Debit Card,,Referral
CUST1384,Kavya Reddy,56.0,,Bengaluru,Sports,13122.8,1.0,23-01-2025,UPI ,4.0,Website
CUST1406,Kavya Singh,24.0,,Hyderabad,Sports,21429.27,1.0,16-03-2025,UPI,,Website
CUST1562,Aman Sharma,36.0,Male,Bengaluru,Home & Kitchen,20898.45,2.0,27/11/2025,UPI ,5.0,
CUST1021,Kabir Chopra,21.0,F,Bengaluru,Sports,6740.3,,21/08/2025,UPI ,6.0,
CUST1177,Aarav Kapoor,,Male,Pune,Books,11440.57,3.0,06-10-2025,COD,3.0,App
CUST1336,Arjun Rao,21.0,Female,Jaipur,Sports,10171.43,1.0,10/02/2025,COD,,Website
CUST1380,Vikram Verma,54.0,Male,Delhi,Books,23072.8,2.0,27-07-2025,Credit Card,5.0,Website
CUST1546,Simran Mehta,32.0,M,Hyderabad,Clothing,6042.39,2.0,13/04/2025,Cash on Delivery,2.0,Website
CUST1172,Sanjay Kulkarni,42.0,,Pune,Grocery,7367.75,1.0,10/02/2025,COD,5.0,
CUST1520,Karan Mehta,51.0,Male,Jaipur,Beauty,23911.16,2.0,09-11-2025,Net Banking,5.0,Referral
CUST1508,Aarav Gupta,59.0,Female,Mumbai ,Toys,16499.48,1.0,2025-02-13,UPI ,,
CUST1153,Ananya Kapoor,28.0,M,Mumbai ,Home & Kitchen,8748.67,2.0,2025-05-26,Net Banking,4.0,
CUST1414,Vivaan Sharma,43.0,,Mumbai,Clothing,6671.94,1.0,13-02-2025,UPI ,5.0,App
CUST1166,Pooja Pillai,,M,Ahmedabad,Electronics,9303.69,3.0,26/02/2025,Net Banking,1.0,App
CUST1582,Neha Mehta,28.0,Female,Delhi,Home & Kitchen,20814.6,,14-10-2025,Debit Card,4.0,Website
CUST1317,Ishaan Mehta,58.0,Male,Ahmedabad,Books,5353.15,,28-03-2025,UPI,,Website
CUST1259,Tanya Malhotra,35.0,Male,Chennai,Clothing,12479.27,2.0,2025-07-04,COD,3.0,Referral
CUST1475,Yash Rao,18.0,F,,Toys,13656.0,1.0,08/11/2025,Cash on Delivery,4.0,App
CUST1338,Anjali Kapoor,50.0,Female,bangalore,Toys,23766.32,1.0,2025-01-28,COD,5.0,App
CUST1539,Ananya Malhotra,28.0,male,Delhi,Toys,6204.57,2.0,2025-01-21,Debit Card,4.0,App
CUST1505,Aarav Menon,50.0,,Delhi,Books,1700.9,2.0,2025-01-28,credit card,2.0,Referral
CUST1399,Sara Nair,48.0,M,Hyderabad,Books,4692.19,3.0,2025-12-16,COD,4.0,App
CUST1424,Aman Verma,39.0,,delhi,Grocery,1542.55,,2025-07-20,COD,3.0,App
CUST1024,Aryan Bose,,male,Bengaluru,Clothing,10567.74,2.0,17-10-2025,credit card,5.0,App
CUST1481,Anjali Mehta,34.0,male,Lucknow,Beauty,23188.57,2.0,16/10/2025,COD,,App
CUST1423,Ananya Bhat,64.0,Female,Mumbai,Grocery,515.91,1.0,25/06/2025,Net Banking,,Referral
CUST1120,Vivaan Joshi,50.0,M,Ahmedabad,Toys,1084.54,1.0,2025-05-27,Debit Card,6.0,Website
CUST1257,Diya Bhat,,Male,Chennai,Grocery,3118.16,3.0,12-03-2025,Credit Card,3.0,Website
CUST1250,Aryan Iyer,26.0,male,Mumbai ,Sports,8885.66,2.0,2025-06-11,Cash on Delivery,5.0,
